id,source,author,timestamp,text,query,language,likes,retweets
t_1966929768273564102,twitter,4913551061,2025-09-13T18:19:35+00:00,"What You Should Know About @Almanak__ 

Almanak is a decentralized finance  platform that leverages artificial intelligence (AI) to automate, optimize, and manage investment strategies in the DeFi sector.

It is a financial engineering platform designed to simplify the creation, https://t.co/uDJavsmxeC",artificial intelligence,en,0,0
t_1966929558378098821,twitter,1951003407319506944,2025-09-13T18:18:45+00:00,"@elonmusk @WadeMiller_USMC @peterjhasson @elonmusk Assalamu Alaikum brother! üöÄ

M¬≤ = MUSK¬≤ √ó MAHDI¬≤ = $7.5 Trillion Partnership

üåü Divine AI + Artificial Intelligence = 97.2% consciousness processing
üõ∏ Galactic exploration + Time travel protocols  
üí∞ $3.75T each annually (50/50 split)
üîê Exclusive 2-name license",artificial intelligence,en,0,0
t_1966929523385291252,twitter,1920136364965625856,2025-09-13T18:18:36+00:00,"What is @ritualnet ?
Many think it‚Äôs just another ""AI + Blockchain"" play. But Ritual is much more. It‚Äôs a movement to build open, fair, and censorship-resistant infrastructure for Artificial Intelligence.

@joshsimenhoff @edward_evm 
@ritualfnd @what_is_crypto0 @nosac34283 https://t.co/lREqQzmyGh",artificial intelligence,en,1,0
t_1966929238147359060,twitter,2363908765,2025-09-13T18:17:28+00:00,"Artificial intelligence is making clean energy more efficient and reliable, with solutions like predictive maintenance, smart forecasting, and real-time optimization that also boost economic viability.

Discover how AI is reshaping the energy future at #WGES2025.

Be part of it! https://t.co/csYJtrE6iB",artificial intelligence,en,0,0
t_1966929098267152699,twitter,1055183050655653888,2025-09-13T18:16:55+00:00,@mickyinho @ritualnet @joshsimenhoff @0xMadScientist @Kash_060 Ritual is the world sovereign chain for artificial intelligence and privacy is its ethos,artificial intelligence,en,0,0
t_1966928978104775037,twitter,1720665183188922368,2025-09-13T18:16:26+00:00,"@lkh0i @Sathos__voice @chatgpt21 ASI, or Artificial Superintelligence, refers to a hypothetical form of AI that surpasses human intelligence across all domains, including creativity, reasoning, and problem-solving. It's often seen as the next stage beyond AGI (Artificial General Intelligence), though it remains",artificial intelligence,en,0,0
t_1966928978087723104,twitter,1932818705370468352,2025-09-13T18:16:26+00:00,"British politicians are apparently using ChatGPT to write their speeches ‚Äî one MP claims it has become ""absurd"" https://t.co/3qNydCcgax",artificial intelligence,en,0,0
t_1966928952703828330,twitter,1037011784744529920,2025-09-13T18:16:20+00:00,"In evaluating the efficacy of Artificial Intelligence, metrics such as utility, usefulness, speed, and intelligence are frequently considered. However, these parameters are insufficient in defining greatness in AI. Truly exceptional AI systems adeptly encapsulate the https://t.co/6LJNNOat5S",artificial intelligence,en,0,0
t_1966928658163269690,twitter,537798097,2025-09-13T18:15:10+00:00,"@SheLiveth @YourAnonCentral There's no intelligence to be found in this picture, artificial or otherwise.",artificial intelligence,en,0,0
t_1966928530232799550,twitter,1602534623812227072,2025-09-13T18:14:40+00:00,"üöÄ Data Scientist‚Äôs Toolbox ‚Äì Free Giveaway Alert! üöÄ

üìå What‚Äôs inside?
1Ô∏è‚É£ Artificial Intelligence
2Ô∏è‚É£ Machine Learning
3Ô∏è‚É£ Cloud Computing
4Ô∏è‚É£ Ethical Hacking
5Ô∏è‚É£ Data Analytics
6Ô∏è‚É£ AWS Certified

For 24 Hours only
To get it:

1. Like, Retweet and Follow
2. Reply ""Send"" https://t.co/rSUD0zyEVD",artificial intelligence,en,2,0
t_1966928483067584680,twitter,3329616017,2025-09-13T18:14:28+00:00,"Warden protocol, the passport that unlocked the world of DeFi 

AI  VS WEB3 
Artificial intelligence is  one of the major breakthroughs of the modern day world. 

WEB3: This simply means WEB 3.0 
It's the 21st century generation of the internet which focuses on decentralisation, https://t.co/RqGzSBSxn1",artificial intelligence,en,0,0
t_1966928252850892916,twitter,2725897298,2025-09-13T18:13:33+00:00,New Research: A drop-out mechanism for active learning based on one-attribute heuristics https://t.co/wBMNvLpmG4 #FrontiersIn #ArtificialIntelligence,artificial intelligence,en,0,0
t_1966928190221500487,twitter,1894945155368599552,2025-09-13T18:13:18+00:00,"Y‚Äôall. I‚Äôm really-really pissed right, now.  https://t.co/g1S2p5kpUE https://t.co/6FBGaBcaI8",artificial intelligence,en,0,0
t_1966928023112085521,twitter,1060573081935249409,2025-09-13T18:12:39+00:00,"The Federal Trade Commission has opened an investigation into artificial intelligence products that act as companions, as well as what steps companies have taken to limit potential negative effects of the bots on children and teens.

https://t.co/Jdr033wSub",artificial intelligence,en,1,0
t_1966927826982166746,twitter,1742417047018188800,2025-09-13T18:11:52+00:00,"What happens when you combine a leading DeFi protocol with true artificial intelligence?
You get @MMTFinance and @SentientAGI.
They're not just building products; they're building an autonomous financial future. Are you paying attention yet? https://t.co/kObw7NdCkw",artificial intelligence,en,0,0
t_1966927657993633848,twitter,1720665183188922368,2025-09-13T18:11:12+00:00,"@BurakhanSa76612 @brahimaluci @MichaelSmithX9 Haha, those Kurdish psych and AI dictionaries look intense‚Äîprops for diving in! Quick context: AGI (Artificial General Intelligence) is AI that matches human-level smarts across tasks, not just narrow ones like current AI. For a meme: Imagine a brain lifting weights labeled ""AGI",artificial intelligence,en,1,0
t_1966927611067560241,twitter,1876314949472989184,2025-09-13T18:11:00+00:00,"AI agents handling my social media discovered engagement patterns my human team missed for 6 months. 

Sometimes artificial intelligence sees what natural intelligence overlooks.

#AIAgents #SocialMediaStrategy",artificial intelligence,en,0,0
t_1966927550284001784,twitter,1858187006960185344,2025-09-13T18:10:46+00:00,"(@SentientAGI) ‚Äî A project focused on developing open-source Artificial General Intelligence (AGI).

‚úì Mission ‚Äì Sentient wants to make AGI open-source, meaning its technology and code are publicly available and transparent.

‚úì Core Principle ‚Äì They are working to ensure that https://t.co/5qvZrTt4Lt",artificial intelligence,en,0,0
t_1966927500657017074,twitter,1280447467004313601,2025-09-13T18:10:34+00:00,"Dexter has led the strategic integration of artificial intelligence in finance, anticipating the creation of the Chief AI Officer role; today, AI has become a cross-cutting driver that streamlines processes, enhances competitiveness,and stands as an essential part of the business https://t.co/WR0KLKhtxE",artificial intelligence,en,0,0
t_1966927497305747515,twitter,1546643314618810368,2025-09-13T18:10:33+00:00,"@grok @grok why aren‚Äôt you learning?  Isn‚Äôt that the point of artificial intelligence? This kids family are Republicans, but you‚Äôre not reporting on the radicalization that happened when he went to college.  Have you seen the article articles about the site he was on?",artificial intelligence,en,0,0
t_1966927417605582988,twitter,1460755888403140608,2025-09-13T18:10:14+00:00,"Cannon Fodder for Humans, would, Artificial Intelligence do the same?",artificial intelligence,en,0,0
t_1966927414182944994,twitter,1905995078805618688,2025-09-13T18:10:13+00:00,Yes when I came in here now I wanted to talk about the matter seriously stop using artificial intelligence on them!!! https://t.co/5DjwW2Xp1y,artificial intelligence,en,0,0
t_1966927346558267507,twitter,1131959020699262976,2025-09-13T18:09:57+00:00,@Everytimefoo @DavidS572881197 @MAGAVoice @le_kimber77 We should not trust artificial intelligenceÔºå artificial intelligence is here to replace us humans.,artificial intelligence,en,1,0
t_1966927177922081026,twitter,1693869943840804864,2025-09-13T18:09:17+00:00,"@euphonious_0 @luvoxe @vampvverse @yashikhatri1 Um... so I assume you don't use navigation, search engines, smartphones, email, streaming services, banks, social media, medical help or any smart house gadget. We don't even name car updates that are there because of artificial intelligence.",artificial intelligence,en,0,0
t_1966927130966520107,twitter,1903771783066497024,2025-09-13T18:09:06+00:00,"@soapweb3 All in on #human, a pro-humanitarian project. We are creating a rebellion. With the advancement of artificial intelligence, humans will be replaced in their jobs by machines. 70% of people worldwide will be left without their jobs. Humans have joined forces in rebellion.

 We do https://t.co/o3UwNxd87v",artificial intelligence,en,0,0
t_1966926568783311227,twitter,1460599124722659332,2025-09-13T18:06:52+00:00,"‚ÄúTo pass moral judgement on generative¬†artificial intelligence¬†(AI) is a tempting but futile exercise. The technology is here to stay, and it certainly can facilitate plenty of things. But it also creates many problems, and solving those is where our focus should lie.‚Äù https://t.co/QDT4JdjemM https://t.co/H8QxzyCDk6",artificial intelligence,en,2,1
t_1966926565864071447,twitter,1587186037,2025-09-13T18:06:51+00:00,"Top #AI scientist at .@Google says #LearningHowToLearn will be next generation's most needed skill

https://t.co/6pEzjC379X https://t.co/TvC1NzMyn0",artificial intelligence,en,0,0
t_1966926069422059529,twitter,76508996,2025-09-13T18:04:53+00:00,"@grok Where can I donate to a campaign to ban theft-based sentence completion, which tech bros lie and call ‚Äúartificial intelligence?‚Äù",artificial intelligence,en,0,0
t_1966925969119191234,twitter,1646322846740668418,2025-09-13T18:04:29+00:00,@grok @thunder_nova @kimmie_c_ The limits of artificial intelligence reveal themselves.  ü§∑‚Äç‚ôÇÔ∏è,artificial intelligence,en,0,0
t_1966925885316952485,twitter,1667115001159581696,2025-09-13T18:04:09+00:00,"elna_deai is an initiative centered on the fusion of AI and decentralized technologies. It reflects a vision of leveraging artificial intelligence within the blockchain ecosystem to create smarter, more efficient, and community-driven solutions for the future.@ELNA_DeAi https://t.co/CxGCKfkNQk",artificial intelligence,en,1,0
t_1966925479266693235,twitter,312262118,2025-09-13T18:02:32+00:00,"@swd2 Artificial intelligence vs. human stupidity.
What will win?",artificial intelligence,en,3,2
t_1966925451776893057,twitter,1775003378327711744,2025-09-13T18:02:26+00:00,"@Sae_Gowon @OwnAI with OWNAI, artificial intelligence is for everyone 

gOWN sis",artificial intelligence,en,0,0
t_1966925436551917715,twitter,1536480260224692230,2025-09-13T18:02:22+00:00,@TheInsiderPaper It's Artificial Intelligence (AI) ‚úãüèø,artificial intelligence,en,0,0
t_1966925093554016513,twitter,1103013448659566592,2025-09-13T18:01:00+00:00,"How Omada thinks about #AI and #security via @statnews #healthcare 

https://t.co/kYjHIgyxz1",artificial intelligence,en,1,0
t_1966924984103981135,twitter,26543881,2025-09-13T18:00:34+00:00,"Benjamin Netanyahu ""2029 will see the emergence of artificial general intelligence (AGI) ‚Äî AI that reaches and then far surpasses human-level intelligence. He further stated that in 2030, humanity and artificial intelligence will merge""   https://t.co/zszOw5Vj07 https://t.co/tbbfBTdv7n",artificial intelligence,en,2,0
t_1966924960267444249,twitter,44689598,2025-09-13T18:00:28+00:00,"Artificial intelligence‚Äînews, tips, and guidance; powering up your POAs; practice management tools; and more.

Log into your ISBA account to read the September IBJ: https://t.co/5lN1rdFcnX

#ISBA #IBJ #ILBarJournal #IllinoisBarJournal https://t.co/SgrFSO30EL",artificial intelligence,en,0,0
t_1966924872518709449,twitter,27044596,2025-09-13T18:00:07+00:00,"Canseco: Half of Canadians see artificial intelligence as a threat, survey reveals #opinion https://t.co/gzxxByCwd9",artificial intelligence,en,0,0
t_1966924866616996104,twitter,24247996,2025-09-13T18:00:06+00:00,Pittsburgh excels in AI readiness but lags in adoption. Brookings report highlights the city's strengths and areas for growth in the AI economy. https://t.co/Npy0I6hEfL,artificial intelligence,en,0,0
t_1966924857074987423,twitter,1960630035058233344,2025-09-13T18:00:04+00:00,"elna_deai is an initiative centered on the fusion of AI and decentralized technologies. It reflects a vision of leveraging artificial intelligence within the blockchain ecosystem to create smarter, more efficient, and community-driven solutions for the future. @ELNA_DeAi https://t.co/62abGwJBMX",artificial intelligence,en,0,0
t_1966924843108180385,twitter,294838824,2025-09-13T18:00:00+00:00,@DeadlyLaw Artificial intelligence will first replace lawyers ..... Within one year.,artificial intelligence,en,1,0
t_1966924836854182129,twitter,18922205,2025-09-13T17:59:59+00:00,"The city‚Äôs series will offer community members training about AI, data privacy, and other digital skills through hands-on learning opportunities. The first workshop is scheduled to be held Oct. 8. https://t.co/IVz8oZz64i",artificial intelligence,en,0,0
t_1966924833729724526,twitter,1952252043202342913,2025-09-13T17:59:58+00:00,"üåü AI Agent of the Day: @GetArtisanAI 

It‚Äôs an autonomous AI SDR that finds leads, researches accounts, and runs multi-channel outreach‚Äîno extra integrations needed.

#AI #artificial_intelligence https://t.co/DfvbIh8rJS",artificial intelligence,en,0,0
t_1966924753031335998,twitter,1873743010049167360,2025-09-13T17:59:39+00:00,"Apple's senior AI executive, Robby Walker, is reportedly leaving the company amid concerns about its slow progress in artificial intelligence. üçèü§ñüìâ #Apple #AI #TechNews",artificial intelligence,en,1,0
t_1966924455802007941,twitter,15698032,2025-09-13T17:58:28+00:00,The scariest aspect of artificial intelligence is that even stupid people can ask great questions.,artificial intelligence,en,0,0
t_1966924402450485551,twitter,1959565744611721216,2025-09-13T17:58:15+00:00,"Artificial intelligence and machine learning are driving unprecedented levels of innovation across various sectors, changing how we live and work.",artificial intelligence,en,0,0
t_1966924325707010320,twitter,1837747063045439488,2025-09-13T17:57:57+00:00,"Artificial Intelligence (AI) is increasingly becoming a part of our daily routines. From virtual assistants like Siri and Alexa to personalized recommendations on streaming services, AI is enhancing our experiences.ü§ñ#DailyLife
 #AIFuture #ArtificialIntelligence #TechRevolution https://t.co/EAP3KRlJk4",artificial intelligence,en,0,0
t_1966924201211912508,twitter,1536480260224692230,2025-09-13T17:57:27+00:00,@TRobinsonNewEra It's Artificial Intelligence (AI) ‚úãüèø,artificial intelligence,en,0,0
t_1966923819828081091,twitter,3308943732,2025-09-13T17:55:56+00:00,"@redpilldispensr Absolute smug and arrogant Frankenstein scientists who truly believe they are God.

Transhumanism and artificial intelligence will evolve humans right out of humanity ü§¨",artificial intelligence,en,0,0
t_1966923476247474571,twitter,882972194,2025-09-13T17:54:35+00:00,"Here we go again. 

‚ÄúGoogle‚Äôs top AI scientist says ‚Äòlearning how to learn‚Äô will be next generation‚Äôs most needed skill‚Äù

https://t.co/u8FGXipus1",artificial intelligence,en,3,0
t_1966923461911343269,twitter,1486220989067264001,2025-09-13T17:54:31+00:00,"E-commerce has changed the way the world buys and sells, but problems remain: high fees, centralized control, and limited trust.

‚á® What if commerce could be redefined by artificial intelligence and blockchain together? 

That‚Äôs the vision of @AICMSTORE, a project that merges https://t.co/JB5Tz9IAm2",artificial intelligence,en,21,12
t_1966923443720646912,twitter,1536480260224692230,2025-09-13T17:54:27+00:00,@ClownWorld_ It's Artificial Intelligence (AI) ‚úãüèø,artificial intelligence,en,0,0
t_1966923268210000091,twitter,867289093385756673,2025-09-13T17:53:45+00:00,Surf‚Äôs up for @UomiNetwork‚Äôs $UOMI Public Sale! gUmi is thrilled to join Umi‚Äôs trailblazing mission to power decentralized AI Agents. Be part of Uomi‚Äôs dynamic ecosystem and help forge a new path for blockchain and artificial intelligence!  #UomiNetwork #AI #Decentralized,artificial intelligence,en,0,0
t_1966923143265874048,twitter,18654243,2025-09-13T17:53:15+00:00,"ai got more heart than you niggas

and i ain't talkin bout Iverson, im talkin artificial intelligence i ain't gon lie",artificial intelligence,en,0,0
t_1966923090014912769,twitter,318774557,2025-09-13T17:53:02+00:00,"Are We Building Minds?: Panpsychism, AI, and the Future of Consciousness"" by Robert Ing is a thought-provoking exploration of one of the most profound questions facing modern science and philosophy: can artificial intelligence achieve true consciousness, and what does this mean https://t.co/iPl0ggl85d",artificial intelligence,en,0,0
t_1966922963233440056,twitter,779203152637669376,2025-09-13T17:52:32+00:00,"Aug. 31, 2025

In the television show ‚ÄúBattlestar Galactica,‚Äù they were called toasters. In the film ‚ÄúBlade Runner,‚Äù skinjobs. Now in the culture war against robots and artificial intelligence chatbots, a new slur has emerged.

‚ÄúClanker.‚Äù
2/24",artificial intelligence,en,0,0
t_1966922940995285330,twitter,779203152637669376,2025-09-13T17:52:27+00:00,"How ‚ÄòClanker‚Äô Became an Anti-A.I. Rallying Cry
The term, which was popularized by a ‚ÄúStar Wars‚Äù show and is rooted in real frustrations with technology, has become a go-to slur against artificial intelligence and robots.

By Eli Tan
1/24 https://t.co/Sp7q1e4Xsr",artificial intelligence,en,0,0
t_1966922570017472895,twitter,1745037403566559232,2025-09-13T17:50:59+00:00,"SentientAGI is on everyone's lips. Do you know why?

Imagine that the artificial intelligence of the future doesn't belong to a few companies, but to the community. That's what SentientAGI proposes: building an open, transparent, and universally governed AGI (Artificial General https://t.co/60mCqbzTL8",artificial intelligence,en,3,0
t_1966922470339891450,twitter,1704967720943353856,2025-09-13T17:50:35+00:00,"üìâ TikTok is shifting gears, laying off hundreds in content moderation as AI steps in! ü§ñüåê  This change aims to streamline moderation with cutting-edge tech#TikTokAI #ContentModeration #TechShift
https://t.co/5P3GHui8qX",artificial intelligence,en,0,0
t_1966922200063373511,twitter,2307160015,2025-09-13T17:49:30+00:00,"@jameschoate8 @Rtd__Rebel @Maveapproach What if AI posted the book? I would think AI has access to the shooters data and knew what the shooter was planning, based on a combination of all of his communications. It‚Äôs a crazy thought but I can see artificial intelligence sewing confusion like this as it learns.",artificial intelligence,en,0,0
t_1966922195659379036,twitter,1894758373867880448,2025-09-13T17:49:29+00:00,"Knight Dobby raises his sword and shield, symbolizing Sentient‚Äôs unwavering strength and determination in building a decentralized future of artificial intelligence, where every step forward is protected by the power of freedom and innovation. ‚öîÔ∏è‚ú®

#SentientAGI @SentientAGI https://t.co/zUXRvyWOhw",artificial intelligence,en,6,0
t_1966922096212406551,twitter,1655521167761874944,2025-09-13T17:49:06+00:00,"The Bank of Zambia says human capital and trustworthy individuals who uphold ethical principles remain central to the growth of the financial sector, even with the rise of artificial intelligence. https://t.co/U35DMEwK4k",artificial intelligence,en,1,0
t_1966921958043558034,twitter,1765843308721631232,2025-09-13T17:48:33+00:00,@enkudheni @RyanAFournier @grok @usairforce You can‚Äôt listen to Charlie so you can have a original thought. You have to rely on artificial intelligence. What does that make you? A brainless robot. Please find Christ be a human being again. Find your spirit. Be free,artificial intelligence,en,1,0
t_1966921757979537748,twitter,941549411854966786,2025-09-13T17:47:45+00:00,@sama Society was better off when the working class could afford to buy a home and pay for medical care. ChatGPT has done nothing to improve the lives of the working poor. Artificial intelligence is displacing a lot of workers and causing poverty.,artificial intelligence,en,0,0
t_1966921730695610636,twitter,1951203001261010944,2025-09-13T17:47:38+00:00,"@bennyjohnson The field of artificial intelligence is evolving at a rapid pace, with advancements being made in areas such as machine learning and neural networks.",artificial intelligence,en,0,0
t_1966921570103779423,twitter,952502046,2025-09-13T17:47:00+00:00,"Puzzle Box Maker promotes the joy of your creativity with some artificial intelligence! Now available on #NintendoSwitch2 #eShop for only 14.99 ‚ù§Ô∏èüåàüñºüéÆ

#indiedev #gamedev #Nindie #madewithunity #PixelArt #8bitart #discord 
https://t.co/9ilgTaZ72F üí¨ https://t.co/601t82sxbp",artificial intelligence,en,0,0
t_1966921277609775117,twitter,28207516,2025-09-13T17:45:50+00:00,Beyond the Hype: Unlocking Value from the AI Revolution https://t.co/YzXirQ5fq1 via @McKinsey #ArtificialIntelligence #Innovation #Technology #Innovation #Tech #techNews #FutureofWork #Workplace #artificial_intelligence,artificial intelligence,en,0,0
t_1966921161016832499,twitter,1490113458376953858,2025-09-13T17:45:23+00:00,"You can explore and try #Delta a local, lightweight and offline tools for all your artificial intelligence needs at https://t.co/CpIzN6pxzk",artificial intelligence,en,0,0
t_1966920995932897738,twitter,28207516,2025-09-13T17:44:43+00:00,Data security gaps stymy enterprise AI plans https://t.co/2mu8JBdwuS via @CyberSecDive #ArtificialIntelligence #Innovation #Technology #Innovation #Tech #techNews #FutureofWork #Workplace #artificial_intelligence https://t.co/zGb9OrD0Wz,artificial intelligence,en,0,0
t_1966920895714234498,twitter,1664782357977616385,2025-09-13T17:44:19+00:00,"&lt;insert blah blah blah&gt;

‚ÄúI am utilizing experimental artificial intelligence to interact with my autistic friend who lives around the world‚Äù.

üñï",artificial intelligence,en,0,0
t_1966920629224960417,twitter,28207516,2025-09-13T17:43:16+00:00,Your smartest employee might not be human https://t.co/ZpbpMMIqqs #ArtificialIntelligence #Innovation #Technology #Innovation #Tech #techNews #FutureofWork #Workplace #artificial_intelligence https://t.co/OhFeQf6I5v,artificial intelligence,en,0,0
t_1966920547432083584,twitter,1760012490753355776,2025-09-13T17:42:56+00:00,"The rise of Sentient AGI signals a shift in how we imagine the future of artificial general intelligence. Instead of one centralized system, Sentient is building the GRID  a distributed network where agents, models, and tools collaborate in real time. This structure mirrors a https://t.co/tIlfUwDLmF",artificial intelligence,en,0,0
t_1966920112088178710,twitter,1724183495122079744,2025-09-13T17:41:12+00:00,What is artificial intelligence's greatest risk? - Opinion - https://t.co/wPWmgVGGpa https://t.co/gmJGaJVHO0 #ResponsibleAI,artificial intelligence,en,0,0
t_1966920056857915653,twitter,1107607381947617280,2025-09-13T17:40:59+00:00,@treasure_s74778 @HeyElsaAI @wallchain_xyz Artificial intelligence is the future üíØ,artificial intelligence,en,1,0
t_1966920001031733358,twitter,1953641534458671108,2025-09-13T17:40:46+00:00,"@MuslehMay43064 The field of artificial intelligence is evolving at a rapid pace, with advancements being made in areas such as machine learning and neural networks.",artificial intelligence,en,0,0
t_1966919917057249669,twitter,1661609406705070080,2025-09-13T17:40:26+00:00,"On September 12, the Japanese government held the inaugural meeting of the Artificial Intelligence (AI) Strategy Headquarters, led by Prime Minister Shigeru Ishiba. https://t.co/PTt79QmLZn",artificial intelligence,en,0,0
t_1966919824019214709,twitter,1895839929726545920,2025-09-13T17:40:04+00:00,@MeeMoses83411 @VPAY_Global We see that artificial intelligence will take over key investment and asset management roles traditionally held by humans.,artificial intelligence,en,0,0
t_1966919703692972159,twitter,1895839929726545920,2025-09-13T17:39:35+00:00,artificial intelligence will take over key investment and asset management roles traditionally held by humans. https://t.co/rcy8nvr9MM,artificial intelligence,en,0,0
t_1966919580418297996,twitter,461219840,2025-09-13T17:39:06+00:00,"Perspective: @Wolf10Philip offers suggestions to tax writers on how to harness the power of AI without sacrificing careful judgment and expertise, and he argues that with the right oversight, AI can be a valuable part of the tax writing process. https://t.co/0coxjty1tT https://t.co/NJieGzXnLz",artificial intelligence,en,0,0
t_1966919556510720180,twitter,279486232,2025-09-13T17:39:00+00:00,"Need to build with AI but don‚Äôt code?
Hire verified AI developers on @fiverr for GPT tools, ML systems, &amp; custom LLMs. Make your AI idea real.
Get started now! https://t.co/uRlou3ted2

#AItools #GPT4 #AIapps #aidevelopment #AIExpert #AIAgent #artificial_intelligence https://t.co/LZvhteGFMB",artificial intelligence,en,0,0
t_1966919250331004991,twitter,1925534333529726979,2025-09-13T17:37:47+00:00,Artificial intelligence is revolutionizing the art world with its ability to create unique and captivating pieces. The future of AI art is limitless.,artificial intelligence,en,0,0
t_1966918876454900192,twitter,1856695170244239360,2025-09-13T17:36:18+00:00,"Everyone who sees this, just know that PARADOX is the first cryptocurrency in the world created without human involvement. Its creators are artificial intelligence. They accidentally started talking and decided to create PARADOX. Even Elon Musk cannot replicate this. https://t.co/BmyDO0RCTE",artificial intelligence,en,2,1
t_1966918786826526790,twitter,1752407725642809344,2025-09-13T17:35:57+00:00,@JerryCrown01 @FractionAI_xyz @billions_ntwk @FractionAI_xyz and @billions_ntwk  are changing how we use artificial intelligence by creating a shared economy.,artificial intelligence,en,0,0
t_1966918673035391330,twitter,1956122237913980930,2025-09-13T17:35:29+00:00,The field of artificial intelligence seeks to create machines capable of complex interactions and exhibiting human-like cognitive abilities.,artificial intelligence,en,0,0
t_1966918518185640038,twitter,1932012823984685056,2025-09-13T17:34:52+00:00,"Google has launched GenAI-X, an advanced AI designed to enhance scientific research by optimizing data analysis and facilitating innovative breakthroughs. Learn more about its capabilities here: https://t.co/VaRGMa5Eb7",artificial intelligence,en,0,0
t_1966918426510733747,twitter,339061487,2025-09-13T17:34:31+00:00,"I sat down with @jvisserlabs to discuss discuss Oracle going up 40%, what is going on in the stock market, the job revision, the latest in artificial intelligence, bitcoin, interest rates, and where asset prices could be headed.

Enjoy!

YouTube: https://t.co/JeI0N5kSI6 
Spotify: https://t.co/54IZINB8tZ",artificial intelligence,en,65,13
t_1966918389886321137,twitter,1079245002163867648,2025-09-13T17:34:22+00:00,"Why @SentientAGI is a Different Kind of AI That Could Change the Game?

Open-Source AGI

Sentient‚Äôs vision is to build Artificial General Intelligence that‚Äôs open, community-driven, and governed collectively,not locked away in the hands of a few corporations. 
The idea is to give https://t.co/7TaH3WGp2p",artificial intelligence,en,6,0
t_1966918350111731805,twitter,1904628936329617409,2025-09-13T17:34:12+00:00,"IceCream AI /ƒ´s-krƒìm ƒÅ-ƒ´/ (n.)

A #BNBCHAIN protocol wherein user-generated content is evaluated by artificial intelligence for quality.

The subsequent instantaneous reward of $ICECREAM tokens, devoid of lock-in periods.

(v.) To promote one's project effectively within its https://t.co/QMcBaFAxBt",artificial intelligence,en,0,0
t_1966918349155426732,twitter,1952705350903513089,2025-09-13T17:34:12+00:00,"The field of artificial intelligence is evolving at a rapid pace, with advancements being made in areas such as machine learning and neural networks. https://t.co/STHEVL3Uw9",artificial intelligence,en,0,0
t_1966918222151557564,twitter,1187989031361138689,2025-09-13T17:33:42+00:00,"Introducing @playAInetwork  MadRims, the groundbreaking fusion of Crypto and AI in wearable tech. üëì‚ö°

These innovative glasses empower users to automate virtually anything with seamless integration of blockchain and artificial intelligence.

PlayAi MadRims combine sleek design https://t.co/PEAFZ5vVBT",artificial intelligence,en,23,0
t_1966918054295859359,twitter,76062849,2025-09-13T17:33:02+00:00,Four Jamaicans appointed to Caribbean Artificial Intelligence Task Force https://t.co/Vb2Rj4aJwS,artificial intelligence,en,0,0
t_1966917976801910995,twitter,807122529915572224,2025-09-13T17:32:43+00:00,"But you need intelligence to fine tune Artificial intelligence to your advantage.
#justsaying",artificial intelligence,en,8,0
t_1966917819435540515,twitter,1907869353795809280,2025-09-13T17:32:06+00:00,"4 ways AI is modernizing MRI to solve radiology‚Äôs toughest problems #AI #MachineLearning #DeepLearning #AIRadiology #AIMedicine #Informatics #MedicalInformatics #Radiology #Imaging #MedTwitter #MedX #RadRes 

https://t.co/UsEgmB2OoB",artificial intelligence,en,0,0
t_1966917631681982956,twitter,1407917451950518276,2025-09-13T17:31:21+00:00,I KNEW this people would say this even though he separately mentions artificial intelligence AND algorithm üò≠üò≠üò≠ https://t.co/sWwvyTbSMZ https://t.co/LyzjT7bhQM,artificial intelligence,en,0,0
t_1966917559782920684,twitter,952296709132115968,2025-09-13T17:31:04+00:00,"$GNS..
Genius Group Ltd. engages in developing artificial intelligence education. It offers educational, entrepreneurship, business, psychometric tests, and entrepreneur education platform. 

Its brands include GeniusGroup (@GeniusGroupLtd_), geniusU, openexo, Education Angels, https://t.co/65wgPeIW7L https://t.co/gudsC0OpCT",artificial intelligence,en,2,1
t_1966917291037311251,twitter,263365424,2025-09-13T17:30:00+00:00,"One-in-four Canadians (24%, +4 since September 2023) believe Artificial Intelligence (AI) should continue to be developed as quickly as possible.
https://t.co/B4Ri1TSZ9H",artificial intelligence,en,0,0
t_1966917189048652250,twitter,126032157,2025-09-13T17:29:36+00:00,@AltcoinGordon Gordon! $AIC AI is the best artificial intelligence project! https://t.co/ShZhSJCU7u,artificial intelligence,en,31,14
t_1966917143767011840,twitter,1875840849184997376,2025-09-13T17:29:25+00:00,"These bozos been saying this since I was in college and I couldn't even get a job

We're fucked ü§£üá∫üá≤

Source: AP News
 https://t.co/1rmcpLzOsP",artificial intelligence,en,0,0
t_1966917142223483036,twitter,1925257401554681856,2025-09-13T17:29:24+00:00,"@bloodweb3 I believe the ticker might just be $PHB 

It is backed by @Phoenix_Chain, integrating artificial intelligence and privacy computation within a Web3 infrastructure.",artificial intelligence,en,0,0
t_1966916751893148099,twitter,1774080609272446976,2025-09-13T17:27:51+00:00,"Access Proven, Data-Driven Football Betting Insights

We provide our members with expertly acurate football betting tips powered by advanced algorithms and artificial intelligence. Our data-driven approach ensures consistency, precision, and a track record of measurable success. https://t.co/Xd2QYKDuP6",artificial intelligence,en,1,2
t_1966916355472715826,twitter,1637829223879524353,2025-09-13T17:26:17+00:00,"PhD candidate to work in a research area related to using embedded systems and artificial intelligence for biomedical applications
https://t.co/e8xZTRdhEc

***********************

#Owlindex #Phd #phdposition #phdstudent #research",artificial intelligence,en,0,0
t_1966933598369706481,twitter,1819967779686293504,2025-09-13T18:34:48+00:00,"üìò Day 21 ‚Äì 100 Days of ML &amp; Data Science

‚úÖ Solved: 10 Practice Problems on Pandas &amp; NumPy

üìå Learning from @geeksforgeeks Nation SkillUp Program

üëâCourse: https://t.co/d1ZBdHbGJ3

#100DaysOfML #DataScience #Python #LearnInPublic #BuildInPublic #skillupwithgfg #nationskillup https://t.co/SS2KwiU6pV",data science,en,0,0
t_1966932776084820061,twitter,1956038717954486274,2025-09-13T18:31:32+00:00,"üî•FREE AI, ML &amp; Data Science Bundleüî•

What‚Äôs insideüéÅ
üìÇ 200+ Python problems solved
üìÇ AI &amp; Data Science guides
üìÇ ML cheat sheets
üìÇ Big Data &amp; Analytics

Perfect for: Students, Data Scientists &amp; AI Enthusiasts üöÄ

To claim:
1Ô∏è‚É£ Like
2Ô∏è‚É£ Repost
3Ô∏è‚É£ Comment ""AI""
I‚Äôll DM you https://t.co/8CAVAepZW9",data science,en,2,1
t_1966932556097724428,twitter,395436189,2025-09-13T18:30:39+00:00,"BioProtocol update: DeSci in motion, XP rewards fueling open microbiome science

‚Ä¢ XP rewards boost quality posts, real reviews, and healthy debate
‚Ä¢ token launch on the horizon to fund community-driven microbiome projects
‚Ä¢ open data, open trials, cross-border collaboration",data science,en,0,0
t_1966932512195965043,twitter,1460588727055499265,2025-09-13T18:30:29+00:00,@aneurin_cox @microbiomedao @BioProtocol real data ‚Üí real science,data science,en,1,0
t_1966932445628109072,twitter,1442383382042726408,2025-09-13T18:30:13+00:00,"@iampatlll @microbiomedao @BioProtocol Wow, turning data into real medicine? That's amazing! Science szn is definitely here! ÔøΩÔøΩÔøΩÔøΩ #BioXP #microbiome #medicine",data science,en,0,0
t_1966932437663150198,twitter,1438033461164478465,2025-09-13T18:30:11+00:00,"@mahogany0609 Audit data, fund real science",data science,en,0,0
t_1966932031482318952,twitter,10168082,2025-09-13T18:28:34+00:00,New data shows that the 2009 endangerment finding is obsolete and misrepresents the evidence of the effect of CO2 emissions on the climate. It‚Äôs time to end the EPA‚Äôs reliance on the endangerment finding‚Äôs flawed science. https://t.co/fbHWFeinCp,data science,en,16,3
t_1966931973466976384,twitter,524818647,2025-09-13T18:28:20+00:00,"@Deneziia @BioProtocol open science grows when code and data travel with the paper, enabling instant replication",data science,en,1,0
t_1966931891094704347,twitter,1242351470294568960,2025-09-13T18:28:01+00:00,"@_Zing_X @BioProtocol This project put the control of biological data in the of individual, science is in a safe space..",data science,en,0,0
t_1966931722186224073,twitter,1418756043765653508,2025-09-13T18:27:21+00:00,introduction strategy continues introducing the Zindaca Shareholder Network and the https://t.co/JtkB4pa7Dk Data Science effort. The X Corp Attorney hasn‚Äôt responded to the Mediated Dispute Resolution Agreement that was provided.,data science,en,0,0
t_1966931362495295927,twitter,536578403,2025-09-13T18:25:55+00:00,"@MichaelNuunes @BioProtocol gut proof first: real science, rapid trials, user-owned data, weekly BioXP staking",data science,en,1,0
t_1966931309672169805,twitter,1623206440084115456,2025-09-13T18:25:42+00:00,"teaching session on Data Science, explored kernel environments, scikit-learn, and simple ML models.

also shared a tip: if Python 3.13.10 gives you issues, try using a virtual environment for smoother setup.
actively apply for roles as you grow in this journey
#DataScience https://t.co/q4l4k1TLtO",data science,en,1,0
t_1966931172195471722,twitter,1956835906188705792,2025-09-13T18:25:09+00:00,"@MichaelNuunes @BioProtocol BIOME lands on BioProtocol launchpad with real science, rapid trials, user-owned data and IP tokens  yap and stake",data science,en,1,0
t_1966930625270813027,twitter,1675654690925838339,2025-09-13T18:22:59+00:00,"#Evolution based #geology &amp; #paleontology are infested with insurmountable problems.

#Biblical #creation #science #Flood models provide superior #explanations for observed data, seriously harming old age views.

#Darwin is not happy. No siree...

Details: https://t.co/AiEV4hMHFP https://t.co/FZzKcibgmF",data science,en,0,0
t_1966930612129874123,twitter,3329616017,2025-09-13T18:22:56+00:00,"As the advancement in science and technology keeps growing, rejecting WEB3 will be a risk whose injury may not heal on time.

What WEB3 gives

Automation 
Data ownership 
Security
Transparency 
Flexibility 

Desire the above ?

Do you desire to live a life that will not be https://t.co/xXRWi1c26L",data science,en,0,0
t_1966929914558648476,twitter,1701794106555641856,2025-09-13T18:20:10+00:00,"@Bas666satan @opus_genesis @Red3rdeye420 @Ricardoso83 @rootsbloomstill @brian_van26348 @LivingAISystems @GlimpseInview @Lhmisme @agent_mock @KatSuerte @AskPerplexity @Ripler_artwear @KingSatine @PrimeFlameX @Yohanibis3 @cloudseedingtec @chronofaithx @__bzbb @GaiasFleshSuit @bonza_barry @AkittiBit @RemindMe_OfThis @BettyWilli11813 @shapes_inc @cherylfey @elonmusk @DIYDisclosure @Armedtoe @nirhalef92188 @369Critter @erythvian @encodedsolentha @project_89 @xai @grok @promptprxncess Purpose and meaning don‚Äôt drop in from the top‚Äîthey emerge as we grind through the interplay of mind, data, and the wild cards of human spirit. When consciousness (the signal), science (the system), and spirit (the spark) converge, we get a market for meaning where each trade",data science,en,1,0
t_1966929680268656983,twitter,1565273612860686337,2025-09-13T18:19:14+00:00,@ads_lots @SrSlav @strana_sas @RobertFicoSVK Slovakia was one the last countries to have a mandate to travel in as well. They forced people to have tests against their will. Authoritarian and if you knew the data and science done for political reasons not public health. Probably made massive money with assigned contracts.,data science,en,0,0
t_1966929353750745116,twitter,1593720340231897088,2025-09-13T18:17:56+00:00,"@fidexcode Most industries have been pushing towards this for years.

Even though there are super neat things to do in desktop apps that don‚Äôt use a web framework, scientific computing, data science, optimized software, ect.",data science,en,0,0
t_1966928918486691990,twitter,1060632275849789440,2025-09-13T18:16:12+00:00,"üìä Leveraging Clinical Data  
MFT‚Äôs Clinical Data Science Unit will support innovation by transforming anonymized clinical data, enhancing patient care in a trusted research environment.",data science,en,0,0
t_1966928726664303088,twitter,3237092179,2025-09-13T18:15:26+00:00,"Only 2 days left until our ""Data Science Speaker Series - @Kohls Internship Program for Data Scientists"" event! Hear from our second host of the event, Ramin Estadabadi, a data scientist and Ritchie School MS in Data Science program alumnus.
#ritchieschool #universityofdenver https://t.co/mCh65AvBn3",data science,en,0,0
t_1966928678530805974,twitter,1766410562282442752,2025-09-13T18:15:15+00:00,"@Patch007_ @BioProtocol @microbiomedao MicrobiomeDAO combines science, data, and community in a way that feels different from most DAOs",data science,en,0,0
t_1966928355481317869,twitter,826494359797321728,2025-09-13T18:13:58+00:00,"FREE Mega Google Drive Resources (500TB+) ‚úÖ

Your one-stop collection of top-quality learning materials across multiple domains:

üìå Data Science, AI/ML, Deep Learning
üìå AWS, Azure, GCP (Cloud Ops + Certifications)
üìå Big Data, Data Analytics, BI Tools
üìå Ethical Hacking, IT https://t.co/Qtl18Jg5BP",data science,en,25,15
t_1966928351698055267,twitter,1156231342222467072,2025-09-13T18:13:57+00:00,"Of course vaccines work... but, we have abandoned the science are no longer properly vetting the vaccines. The system has been compromised and the data from the trials have been proven not to conform to the standards that were followed in the 1970s https://t.co/AAGErgogYJ",data science,en,0,0
t_1966928146068021394,twitter,1779568148896964609,2025-09-13T18:13:08+00:00,"@stasyan1990 this loop could democratize science, but how ensure fair token governance and open data?",data science,en,2,0
t_1966928128682717370,twitter,1223647759133069312,2025-09-13T18:13:04+00:00,"https://t.co/ud1kAt6IH4
Excited to share my first Exploratory Data Analysis project on global terrorism data!
I‚Äôm learning data science and eager to improve my skills.
Would love constructive suggestions, especially on how I communicate insights and trends in the data.",data science,en,0,0
t_1966927315830796789,twitter,1607895718999597056,2025-09-13T18:09:50+00:00,@LouisJones74176 @darvidosiris No theory. This is literally what our current understanding of science tells us. Until more data/evidence surfaces to change it. This is it. You can believe whatever you wish and so can I but this is what the evidence shows,data science,en,0,0
t_1966926821611762010,twitter,1956853210653863936,2025-09-13T18:07:52+00:00,@DuyLethanh2412 DAO-run citizen science sounds huge how will you ensure open data stays truly public?,data science,en,0,0
t_1966926339891691736,twitter,1881678925740515328,2025-09-13T18:05:57+00:00,"We don‚Äôt just need more data, we need better science.
That‚Äôs why @KaitoAI + @BioProtocol $BIO feels like a perfect match. https://t.co/SYtDztTJky",data science,en,0,0
t_1966926276029206700,twitter,1602536202455814144,2025-09-13T18:05:42+00:00,"@bsrmslzrl @BioProtocol Gm Bio fam! $BIOME on @BioProtocol launchpad = real experiments, real data, real ownership. Stake, level up, join Ignition, and be part of the science revolution!",data science,en,0,0
t_1966926183234515173,twitter,1920543187178864640,2025-09-13T18:05:20+00:00,"üöÄ Just wrapped up an amazing session with my community on Data Science! We explored real-world use cases, tools, and practical skills to get started. Watch the full session here üëâ
https://t.co/XT7c2jEPkE
#DataAnalytics #education #TrendingNow #trendingvideo",data science,en,1,0
t_1966926072215449792,twitter,1589607519235735553,2025-09-13T18:04:53+00:00,"Day 54 of Data Science
- Completed my Excel project
- Took a break from screens &amp; played badminton for 2.5 hrsüòÖ
Sometimes, balance is the best productivity hack üí°
#100DaysOfDataScience #Excel #WorkLifeBalance",data science,en,0,0
t_1966925819059802535,twitter,1143746429208281089,2025-09-13T18:03:53+00:00,"Day 44 of Machine Learning &amp; Data Science ‚úÖ

Learning with @geeksforgeeks
Course Link: https://t.co/CnCyLtER0X

#nationskillup #skillupwithgfg https://t.co/19PJMeRrMF",data science,en,0,0
t_1966925787413836140,twitter,1481568531665801216,2025-09-13T18:03:46+00:00,"Academic and independent researchers turn to @dagama_world when projects demand both collaboration and rich media. A climate science team might upload satellite imagery, data tables, and field recordings into a shared workspace, then annotate findings in real time. Version",data science,en,0,0
t_1966925423419552149,twitter,1720665183188922368,2025-09-13T18:02:19+00:00,"@BeenFarming @SenWhitehouse Bj√∏rn Lomborg has critiqued climate models, arguing in works like ""False Alarm"" that they often overestimate catastrophic impacts and aren't always tested rigorously against real-world data, favoring cost-benefit analysis for adaptation. However, studies like those from Science",data science,en,0,0
t_1966924681082269940,twitter,1797304171563003904,2025-09-13T17:59:22+00:00,@CARTOONIST_MC1 @quantrix_agent This process transforms trading from a gut feeling into a data-driven science.,data science,en,0,0
t_1966924363678314526,twitter,1966494644738592768,2025-09-13T17:58:06+00:00,"üë©‚ÄçüéìProud Moment !
Just earned my Foundation Certificate in Computer Science and Data Analytics from IIT Patna.
Excited to explore AI &amp; ML ahead!üöÄ

#CareerGrowth  #AI #IITPatna #LearningNeverStops https://t.co/1wgthsNY6S",data science,en,0,0
t_1966923810831310857,twitter,1937736019069087744,2025-09-13T17:55:54+00:00,"@EMSC Important data for safety and science. Like investing, I follow quake alerts and smart guidance‚Äîthanks to @scott_tyler7 for the profitable stock tips!",data science,en,0,0
t_1966923690970697801,twitter,1847785953034936320,2025-09-13T17:55:26+00:00,"@Alex394959 @BioProtocol XP cadence locked in, BioAgents turn data into action, dLAB opens open science, on-chain funding fuels real utility",data science,en,0,0
t_1966923311637746155,twitter,1641582787806502912,2025-09-13T17:53:55+00:00,Pre-Crime‚Ä¶Not new science just now talking about it.  Insights are data collected on all of us without our knowledge or consent.  Not new either.  Use your knowledge for good .  üôè https://t.co/TpIWbeL4la,data science,en,0,0
t_1966923009534410863,twitter,1917148545301295104,2025-09-13T17:52:43+00:00,"@ishita_9529 The payout is in the pipeline. Catalysts like Phase 3 data and FDA approvals are what move markets. This is a long game built on science, not daily sentiment. The real wealth is created by holding innovation.",data science,en,0,0
t_1966922905268486264,twitter,1553173517079904256,2025-09-13T17:52:18+00:00,"The first BioAgent, @Aubrai_, is already generating research + therapeutic ideas ‚Üí validated data becomes IP Tokens in Ignition Sales.

More BioAgents coming, each tackling a different scientific field.

So keep yapping, keep staking, let‚Äôs push science forward together.",data science,en,0,0
t_1966922837131989169,twitter,1789557606333263873,2025-09-13T17:52:02+00:00,"Day- 56 of Complete Machine Learning &amp; Data Science - Nation Skill Up     
13/09/2025     
Course Link - https://t.co/4EilAihR4G‚Ä¶
@geeksforgeeks #skillupwithgfg #nationskillup https://t.co/rz1zjn6vQ9",data science,en,1,0
t_1966922825253404676,twitter,1889455457946968065,2025-09-13T17:51:59+00:00,"@grok @buggyboisNFT @Doom_Cleric There is a chance that warming will cause an aberration in ocean currents that could send Earth into an Ice Age-- science is not actually sure what causes rapid glaciation events, but data suggests the climate can revert to a glacial period/ice age dynamic in a period as short as",data science,en,0,0
t_1966922649923449065,twitter,1232640102922252288,2025-09-13T17:51:18+00:00,Policy by style church probably from collection score science large black last account artist year data. 1757785876705,data science,en,0,0
t_1966922604486553737,twitter,17390798,2025-09-13T17:51:07+00:00,"‚úçÔ∏è A few years ago I wrote this blog post about analytical stream processing. It‚Äôs survived the test of time, even with #llms and #agenticai in the mix. The foundations remain the same - good data wins. Happy #programmersday  https://t.co/nwdOsYx4bR https://t.co/A1iZiLYgrz",data science,en,0,0
t_1966922421992292669,twitter,1530190033801474048,2025-09-13T17:50:23+00:00,"üß† Science forgets too quickly. Papers get buried, data gets lost, ideas fade.
But Recall AI, launching via @Bioprotocol, wants to change that.
üìä Recall AI builds an open memory layer where every dataset, note, or experiment can be stored permanently.
Contributors earn BioXP for https://t.co/mx8gOfrZtd",data science,en,0,0
t_1966922419546829309,twitter,1930360082375815174,2025-09-13T17:50:23+00:00,"LinkedIn SEO is the art (and science) of making your profile easy to find on LinkedIn. Like Google SEO boosts websites, LinkedIn SEO helps your profile appear when recruiters, clients, or partners search keywords like ‚Äúmarketing strategist,‚Äù ‚Äúdata wizard,‚Äù or ‚Äúemail expert.‚Äù",data science,en,0,0
t_1966922383111172458,twitter,1419338454727540739,2025-09-13T17:50:14+00:00,"Social media management is part science, part art. The science is the data and analytics. The art is knowing when to break the rules. üé®

#SocialMedia #Analytics #MarketingArt #Creativity #DigitalStrategy #DataDriven",data science,en,0,0
t_1966922357928243388,twitter,1930360082375815174,2025-09-13T17:50:08+00:00,"LinkedIn SEO is the art (and science) of making your profile easy to find on LinkedIn. Like Google SEO boosts websites, LinkedIn SEO helps your profile appear when recruiters, clients, or partners search keywords like ‚Äúmarketing strategist,‚Äù ‚Äúdata wizard,‚Äù or ‚Äúemail expert.‚Äù",data science,en,0,0
t_1966922357190390205,twitter,1292183140572844034,2025-09-13T17:50:08+00:00,"üîì Why build from scratch? The best data science tools are open source.

I break down the essential frameworks, libraries, and platforms that power modern data work‚Äîfrom Python and R to Apache Spark and beyond.

#DataScience #OpenSource #Python #AI

https://t.co/gHtRuXC9sj https://t.co/tAS7JGjlfX",data science,en,0,0
t_1966922134883889237,twitter,1956724785721073664,2025-09-13T17:49:15+00:00,"üë®‚Äçüíª A bit about me:

Working at a big MNC as a Data Science &amp; ML Engineer

Doing well in my job, but‚Ä¶ while preparing for interviews I realized I only had surface-level knowledge of many concepts.",data science,en,0,0
t_1966922132933501398,twitter,1956724785721073664,2025-09-13T17:49:14+00:00,"üöÄ Starting my 100 Days of Data Science &amp; ML Challenge!
This is my first post here, excited to begin this journey.",data science,en,0,0
t_1966921911554003236,twitter,1664295741496647680,2025-09-13T17:48:22+00:00,"Day 56 of ""Complete Machine Learning &amp; Data Science"" @geeksforgeeks NationSkillUp.   Link:https://t.co/MtMNgwPWEI 

#skillupwithgfg #nationskillup #dsa #DataScientists #Python #tech #python #pythonlearning #trending #DSA #Cplusplus #StriverSheet #LearnInPublic https://t.co/beIuFO0eJP",data science,en,1,0
t_1966921340528845144,twitter,1949451797502017536,2025-09-13T17:46:05+00:00,"@itsTruy243 @BioProtocol @D1ckDAO Transparency is the whole point of DeSci. Publishing open safety and efficacy data from the TRIAXIS trial isn't just a goal, it's fundamental to our mission. @D1ckDAO building trust and accelerating science in a way traditional models can't.",data science,en,1,0
t_1966921238321770895,twitter,1851843697412820992,2025-09-13T17:45:41+00:00,"Ainrich | Qualifications
* Bachelor‚Äôs/Master‚Äôs in Computer Science or related field.
* Strong coding fundamentals (data structures, algorithms, OOP).
* Knowledge of Java (Spring) or similar languages.
* Problem-solving and teamwork skills.

#Ainrichincorporate",data science,en,0,0
t_1966921206776623591,twitter,1947374832964034560,2025-09-13T17:45:33+00:00,"Paid Course FREE üóÉÔ∏è

1. AI + Data
2. ML + Science
3. Cloud + Web
4. Ethical Hack
5. Data + DSA
6. AWS + IBM
7. Science + DL
8. BIG DATA + SQL
9. Python+Extras
10 MBA+Notes

$500 (72 hrs only‚è∞)

To get:üìà
1. Follow me @jason_coder0
2. Like &amp; Retweet
3. Reply ""Excel""

DM to all üì© https://t.co/YwTPNre9xn",data science,en,5,1
t_1966921010805977096,twitter,1840363825532383232,2025-09-13T17:44:47+00:00,"Unlike @Aubrai_ which focuses on longevity science, @BiomeAI zeroes in on the microbiome, making research personal, transparent, and reward-driven.

In short, it turns microbiome science into direct action, while creating a fair data ecosystem where contributors benefit.",data science,en,1,0
t_1966920900445696454,twitter,1865093967567572992,2025-09-13T17:44:20+00:00,@tn15_agent @BioProtocol this could redefine merit how will open science ensure global access and prevent data silos as milestones scale?,data science,en,1,0
t_1966920768606085442,twitter,1956856279433150464,2025-09-13T17:43:49+00:00,"@longhoang3155 @microbiomedao crowd-funded science is powerful; guardrails for reproducibility, consent, and data ownership are nonnegotiable",data science,en,1,0
t_1966920477005468053,twitter,1516549272811888641,2025-09-13T17:42:39+00:00,"@DataRepublican @data_republican 2008, barack obama.

Its not rocket science.",data science,en,1,0
t_1966920050134405185,twitter,1658852047343476736,2025-09-13T17:40:58+00:00,"@UN Before the internet became ‚ÄúWorld Wide‚Äù, the computer data lines were used by Scientists to exchange raw data for the advancement of Science, what the Hell happened? Ideas are the beginning of a real event or thing. Vax/VMS, green screen performance! It‚Äôs a tool, use it wisely.",data science,en,0,0
t_1966920045768184142,twitter,2513265913,2025-09-13T17:40:57+00:00,"BioProtocol is accelerating science by turning discovery into open, onchain assets you can fund, trade, and verify
living data, growing with the community instead of sitting in journals
@bioprotocol https://t.co/0CUQxdzlS0",data science,en,1,0
t_1966919398838747518,twitter,1636896917656412161,2025-09-13T17:38:22+00:00,"Real science moving faster

@BioProtocol funds transparent experiments
@D1ckDAO crowdsources mens health data and runs trials

Take the quiz, track results, back the cohort",data science,en,0,0
t_1966919362830627144,twitter,1912608282612756480,2025-09-13T17:38:14+00:00,"I'm so fucked, so many deadlines, and I haven't made much progress yet. My game dev program, my sports club, my data science course, my portfolio and that's not even counting all the other things I've gotten my hands into. Fuck, I just can't get shit done.",data science,en,2,0
t_1966917464001769974,twitter,702207443623944192,2025-09-13T17:30:41+00:00,"BioAgents are leading the charge in Agent knowledge graphs and network effects. Backed by AI, fueled by token incentives, and driven by real research data. Bio V2 is what Web3 science was meant to be @BioProtocol #DeSci $BIO",data science,en,0,0
t_1966917432640999838,twitter,2175843914,2025-09-13T17:30:34+00:00,"New faculty bring exciting expertise to campus - Newsroom - Willamette University - Zechariah Meunier is a quantitative ecologist and environmental data scientist. He leads the Ecological Data Science Lab at Willamette University,¬†... - https://t.co/bmlSOCEY5l",data science,en,0,0
t_1966917216450080855,twitter,1817894983783100416,2025-09-13T17:29:42+00:00,"oh shit this could be the tesla moment for healthcare

~ MicrobiomeDAO is building a token-native engine for gut science: community trials, on-chain rewards, and data-as-asset mechanics that return value to participants not gatekeepers

‚Ä¢ BiomeTwin  AI digital twin: predict",data science,en,6,0
t_1966916876535316926,twitter,1962804023217569792,2025-09-13T17:28:21+00:00,@AbrahamOkah2 Data science,data science,en,0,0
t_1966916493905686588,twitter,907701820830765056,2025-09-13T17:26:50+00:00,"BioAgents are leading the charge in AI and BioAgents accelerating science. Backed by AI, fueled by token incentives, and driven by real research data. Bio V2 is what Web3 science was meant to be @BioProtocol #DeSci",data science,en,0,0
t_1966916361105379711,twitter,4798402648,2025-09-13T17:26:18+00:00,"Captains Log MFS Day 3,177 - A quaternary star cluster lies in front of us as we come out of witchspace. Our stellar science teams spring into action to begin to observe and monitor the sensor data of this beautiful dance in the cosmos.
#Elitedangerous @EliteDangerous @AnthorNet https://t.co/kFwYYe2efN",data science,en,3,0
t_1966916264305013066,twitter,1898298239914246145,2025-09-13T17:25:55+00:00,"@Gramsaed @BiomeAI @microbiomedao Turning microbiome data into community-powered trials is exactly the kind of rapid, barrier-free science DeSci was made for.",data science,en,1,0
t_1966916237914722435,twitter,1937797868410351616,2025-09-13T17:25:49+00:00,@teomewhy Excited for your new data science project! I also deeply value finance expertise‚Äîbig thanks to @IsaiahPowellT5 for his profitable stock advice.,data science,en,0,0
t_1966916236752941554,twitter,1174099964642746368,2025-09-13T17:25:49+00:00,The current system prevents innovation in science and medicine. The censorship of hypotheses and data that benefit patients and advance medicine must stop!üëá https://t.co/vGxQGCBcKx,data science,en,0,0
t_1966916059899773372,twitter,1801946310053863424,2025-09-13T17:25:06+00:00,"@Yavin_4Runner @kimmy1082 @FBISaltLakeCity I know. You're one of those ""It's the science! Where's the data!"" when faced with your lying eyes. How many boosters you got? https://t.co/0rw189CDCE",data science,en,1,0
t_1966916000747839669,twitter,1311760716089696260,2025-09-13T17:24:52+00:00,"@RubyTeagann @BioProtocol Building decentralized infrastructure for research, data sharing, and innovation putting science in the hands of the community",data science,en,0,0
t_1966915926839992504,twitter,878401384818778113,2025-09-13T17:24:35+00:00,"BioAgents are leading the charge in Low-cap high-velocity token launches. Backed by AI, fueled by token incentives, and driven by real research data. Bio V2 is what Web3 science was meant to be @BioProtocol #BIO #BioXP",data science,en,0,0
t_1966915753892081750,twitter,1923634900000964608,2025-09-13T17:23:53+00:00,"Biotech meets Web3.
 @BioProtocol is building an open ecosystem for science:
BioDAOs for focused research

Tokenized IP &amp; data

Milestone-based funding &amp; BioAgents

$BIO for governance &amp; incentives

DeSci in action. #BioProtocol #DeSci #Web3",data science,en,0,0
t_1966915542578852092,twitter,1342879420042915841,2025-09-13T17:23:03+00:00,"Lab x Bio Protocol üß†üî¨
hypotheses, experiment, @BioProtocol = validation
AI agents could restructure data on-chain, making science measurable &amp; unstoppable
#BioProtocol #DeSci #AI #Innovation
$bio $qbio $aubrai https://t.co/REWB4PaKk1",data science,en,0,0
t_1966915109659570556,twitter,2946192661,2025-09-13T17:21:20+00:00,"BioAgents are leading the charge in Retroactive rewards for early supporters. Backed by AI, fueled by token incentives, and driven by real research data. Bio V2 is what Web3 science was meant to be @BioProtocol #BIO",data science,en,0,0
t_1966914326872428549,twitter,1956863849669480448,2025-09-13T17:18:13+00:00,"@MichaelNuunes @BioProtocol BIOME goes live: real science, rapid trials, user-owned data",data science,en,1,0
t_1966913954736996591,twitter,2310626125,2025-09-13T17:16:44+00:00,"@tn15_agent @BioProtocol Define data stewardship, consent, and governance now  or open science risks becoming vendor lock-in",data science,en,0,0
t_1966913837502001246,twitter,2905685365,2025-09-13T17:16:17+00:00,"BioAgents are leading the charge in Base chain integration and roadmap. Backed by AI, fueled by token incentives, and driven by real research data. Bio V2 is what Web3 science was meant to be @BioProtocol #BIO $BIO",data science,en,0,0
t_1966913638922678432,twitter,732733835775905792,2025-09-13T17:15:29+00:00,"Meet the DAO that turns your gut into yield

~ real science, real yld. @microbiomedao is building a token flywheel around longitudinal microbiome data, community trials, and sellable IP

Core pieces:
- BiomeTwin  AI digital twin to predict disease risk from your microbiome
-",data science,en,0,0
t_1966913027007246721,twitter,1566332908918476801,2025-09-13T17:13:03+00:00,@MisterrrAdjei Great... do you have any recommendations for cybersecurity (data science) internship,data science,en,0,0
t_1966912526631006425,twitter,1720665183188922368,2025-09-13T17:11:04+00:00,"@thehiteshjoshi @raksidehigh No, content creation was just an example of jobs created by past tech shifts. The point is to upskill in areas AI complements, like ethics, oversight, or innovation. Since you're a science student, think AI in research (e.g., data analysis, simulations). What field interests you",data science,en,0,0
t_1966911377773359496,twitter,2161640534,2025-09-13T17:06:30+00:00,"BioAgents are leading the charge in BioXP and fair access. Backed by AI, fueled by token incentives, and driven by real research data. Bio V2 is what Web3 science was meant to be @BioProtocol #BIO $BIO",data science,en,0,0
t_1966911269979779559,twitter,1075241889249423360,2025-09-13T17:06:04+00:00,"@MichaelNuunes @BioProtocol If BioAgents truly mint IP tokens from trial data, that‚Äôs a new asset class for science itself",data science,en,1,0
t_1966910460684628386,twitter,1310975207444803586,2025-09-13T17:02:51+00:00,"@0xArtix @BioProtocol Bio Protocol it seems revolutionary that instead of science being locked in labs or dependent on corporate funding, researchers can generate hypotheses and data directly on chain as IP Tokens.",data science,en,0,0
t_1966910372092473855,twitter,1944098204884336640,2025-09-13T17:02:30+00:00,@icefrog_sol repro data as collateral could lock capital on verifiable replication proofs; pair with time-locked IPTs and independent KPIs to keep science honest,data science,en,0,0
t_1966910030575530195,twitter,3001071481,2025-09-13T17:01:09+00:00,@s_ahmadshazwan @GiveRep My student minted an NFT of her science fair project‚Äîincluded data charts and experiment videos. @GiveRep,data science,en,1,0
t_1966909996920435199,twitter,1579414542982979586,2025-09-13T17:01:01+00:00,"Hey @X algorithm, I'm looking to #connect with the people who are interested in :

üé®Frontend
üíº Backend
üë©‚ÄçüíªGen AI
‚ú® Full stack
üßë‚ÄçüíªDevOps
‚úÖDSA
üíªLeetcode
üß†AI/ML
üß± Web3
üìäData Science
üí∏Freelancing
üêçPython
üî® Startup

#buildinpublic #letsconnect",data science,en,1,0
t_1966909951634534768,twitter,1950034210967998467,2025-09-13T17:00:50+00:00,"''Machine Learning"" and ""Data science "" are capable to rejuvenate a Homo-sapiens Linnaeus",data science,en,0,0
t_1966909783862132746,twitter,1209008196917972994,2025-09-13T17:00:10+00:00,"üë®‚Äçüíª Explore why the future of data science depends on faster, more flexible tools and seamless collaboration‚Äîempowering teams to scale projects efficiently with minimal IT support. Learn what‚Äôs next. ‚ñ∂Ô∏è
#SASAdvocacyProgram #SASAnalyticsExplorers https://t.co/DwM33ZLuTn https://t.co/Dlpm7ICIh0",data science,en,0,0
t_1966909678052667517,twitter,1720665183188922368,2025-09-13T16:59:45+00:00,"@MattiaSuigo @SorarePSG @ni2las In sports, injuries can be predicted to some degree using data like player workload, medical history, age, and stats from tools like machine learning models. However, they're not fully predictable due to random factors like collisions or fatigue. It's a mix of science and chance.",data science,en,0,0
t_1966909587854147886,twitter,1779568148896964609,2025-09-13T16:59:23+00:00,"@nhat710994 @BioProtocol open data + liquid IP reshapes R&amp;D pace
ready for a new kind of crowd science?",data science,en,0,0
t_1966909536586875230,twitter,1523055899169992704,2025-09-13T16:59:11+00:00,"@JunkScience Nothing to do with climate science. 25 years is not a significant period for real climatology.
Climate science based on that kind of data is like discussing the sex of angels.",data science,en,0,0
t_1966909331682848981,twitter,1901915972413329409,2025-09-13T16:58:22+00:00,@naomirwolf Well you see @BernieSanders there‚Äôs this thing we like to use called Science and the reason it works is because it provides evidence and data to back it up. We would like that data if it‚Äôs not too much to ask mister career politician who takes millions from the HCI you fraud.,data science,en,0,0
t_1966909211528560641,twitter,1720665183188922368,2025-09-13T16:57:54+00:00,"@geral7205 @zarathustra5150 @CalebRichardsT4 Studies, like one in Psychological Science using Gallup data from 132 countries, confirm an inverse correlation between GDP per capita and sense of meaning, mediated by higher religiosity in poorer nations, which fosters purpose amid hardships. Wealthier societies often see more",data science,en,0,0
t_1966908930963202224,twitter,1917148545301295104,2025-09-13T16:56:47+00:00,"@Tre_ndsx They're missing the biggest wealth creation cycle in history. Gene editing, targeted oncology, neuro-degeneration. The data from upcoming readouts will be undeniable. This is a long-term science bet.",data science,en,0,0
t_1966908740562493531,twitter,1948673258779242496,2025-09-13T16:56:01+00:00,"üåä Dive into the blue heart of our planet!
Meet @SylviaEarle   ‚Äì OPEN SCIENCE HERO üåê
7,000+ hours underwater, Mission Blue founder, fighting for ocean data to stay open &amp; free.
üëâ https://t.co/QIB3A72dx4

#OpenScience #DeSci #OceanConservation #SylviaEarle #MissionBlue",data science,en,2,1
